timestamp,subject,file,url,status
2025-10-19T11:10:45.812188,Piano,icons/Piano.png,https://oaidalleapiprodscus.blob.core.windows.net/private/org-yl1xNg2HPz8RMi75XCpVco8k/user-XuCBYoX7rrPayoQ9m5cvlRmI/img-aG9LtIIRDDqUOiQvJqZ3Tavw.png?st=2025-10-19T08%3A10%3A44Z&se=2025-10-19T10%3A10%3A44Z&sp=r&sv=2024-08-04&sr=b&rscd=inline&rsct=image/png&skoid=f1dafa11-a0c2-4092-91d4-10981fbda051&sktid=a48cca56-e6da-484e-a814-9c849652bcb3&skt=2025-10-19T04%3A00%3A38Z&ske=2025-10-20T04%3A00%3A38Z&sks=b&skv=2024-08-04&sig=dcfhMzOrvtup44pK5Xb0kD8yH6Xu2bYlL24F4bZYnqY%3D,success
2025-10-19T11:11:05.212710,E.Piano,icons/E.Piano.png,https://oaidalleapiprodscus.blob.core.windows.net/private/org-yl1xNg2HPz8RMi75XCpVco8k/user-XuCBYoX7rrPayoQ9m5cvlRmI/img-UFUKoru1dXFxHJxWGasIzVYX.png?st=2025-10-19T08%3A11%3A03Z&se=2025-10-19T10%3A11%3A03Z&sp=r&sv=2024-08-04&sr=b&rscd=inline&rsct=image/png&skoid=f1dafa11-a0c2-4092-91d4-10981fbda051&sktid=a48cca56-e6da-484e-a814-9c849652bcb3&skt=2025-10-19T06%3A24%3A31Z&ske=2025-10-20T06%3A24%3A31Z&sks=b&skv=2024-08-04&sig=ueiAr5WA9yeSihm0S/DYJYZkuIHhtVmigSXYLOY4/BU%3D,success
2025-10-19T11:11:25.541091,Organ,icons/Organ.png,https://oaidalleapiprodscus.blob.core.windows.net/private/org-yl1xNg2HPz8RMi75XCpVco8k/user-XuCBYoX7rrPayoQ9m5cvlRmI/img-pKk4VSCdMSXAZrpGPpKEblAB.png?st=2025-10-19T08%3A11%3A23Z&se=2025-10-19T10%3A11%3A23Z&sp=r&sv=2024-08-04&sr=b&rscd=inline&rsct=image/png&skoid=77e5a8ec-6bd1-4477-8afc-16703a64f029&sktid=a48cca56-e6da-484e-a814-9c849652bcb3&skt=2025-10-19T07%3A14%3A47Z&ske=2025-10-20T07%3A14%3A47Z&sks=b&skv=2024-08-04&sig=P3giUxyOz03EV1xW9lXvwmUEUkGLfNzE455hPkrDbq8%3D,success
2025-10-19T11:11:43.172864,Strings,icons/Strings.png,https://oaidalleapiprodscus.blob.core.windows.net/private/org-yl1xNg2HPz8RMi75XCpVco8k/user-XuCBYoX7rrPayoQ9m5cvlRmI/img-NurfSLj98jEffrDkDaKlhHM2.png?st=2025-10-19T08%3A11%3A41Z&se=2025-10-19T10%3A11%3A41Z&sp=r&sv=2024-08-04&sr=b&rscd=inline&rsct=image/png&skoid=77e5a8ec-6bd1-4477-8afc-16703a64f029&sktid=a48cca56-e6da-484e-a814-9c849652bcb3&skt=2025-10-19T07%3A14%3A47Z&ske=2025-10-20T07%3A14%3A47Z&sks=b&skv=2024-08-04&sig=i/fnq70PnGMGEWqfnhCLHBbJsQFg1xAxGGRAg81Wzx8%3D,success
2025-10-19T11:12:00.667234,Choir,icons/Choir.png,https://oaidalleapiprodscus.blob.core.windows.net/private/org-yl1xNg2HPz8RMi75XCpVco8k/user-XuCBYoX7rrPayoQ9m5cvlRmI/img-THBHUBnAuwA95R6H5ztJPeF8.png?st=2025-10-19T08%3A11%3A58Z&se=2025-10-19T10%3A11%3A58Z&sp=r&sv=2024-08-04&sr=b&rscd=inline&rsct=image/png&skoid=b1a0ae1f-618f-4548-84fd-8b16cacd5485&sktid=a48cca56-e6da-484e-a814-9c849652bcb3&skt=2025-10-18T14%3A35%3A38Z&ske=2025-10-19T14%3A35%3A38Z&sks=b&skv=2024-08-04&sig=jfB9cenGPIFzTGp0Mg9zo5uv3kUUhAq6csWOFjwDMu0%3D,success
2025-10-19T11:12:19.556973,Brass,icons/Brass.png,https://oaidalleapiprodscus.blob.core.windows.net/private/org-yl1xNg2HPz8RMi75XCpVco8k/user-XuCBYoX7rrPayoQ9m5cvlRmI/img-EhUbT4cyx5vPAxxmdxzBKHRj.png?st=2025-10-19T08%3A12%3A17Z&se=2025-10-19T10%3A12%3A17Z&sp=r&sv=2024-08-04&sr=b&rscd=inline&rsct=image/png&skoid=f1dafa11-a0c2-4092-91d4-10981fbda051&sktid=a48cca56-e6da-484e-a814-9c849652bcb3&skt=2025-10-19T05%3A31%3A48Z&ske=2025-10-20T05%3A31%3A48Z&sks=b&skv=2024-08-04&sig=phr9i94OSVZ0TF7iRtqkaeOpdPiqWH61HdPSCuQTQvg%3D,success
2025-10-19T11:12:36.554214,Woodwind,icons/Woodwind.png,https://oaidalleapiprodscus.blob.core.windows.net/private/org-yl1xNg2HPz8RMi75XCpVco8k/user-XuCBYoX7rrPayoQ9m5cvlRmI/img-74VqSDI1MRowMCwBPCW2ICdV.png?st=2025-10-19T08%3A12%3A34Z&se=2025-10-19T10%3A12%3A34Z&sp=r&sv=2024-08-04&sr=b&rscd=inline&rsct=image/png&skoid=77e5a8ec-6bd1-4477-8afc-16703a64f029&sktid=a48cca56-e6da-484e-a814-9c849652bcb3&skt=2025-10-19T08%3A43%3A49Z&ske=2025-10-20T08%3A43%3A49Z&sks=b&skv=2024-08-04&sig=2boOPvq4hx9Weal0W5Ya23m7JXl7pfc3jNVmWw1034M%3D,success
2025-10-19T11:12:53.345699,A.Guitar,icons/A.Guitar.png,https://oaidalleapiprodscus.blob.core.windows.net/private/org-yl1xNg2HPz8RMi75XCpVco8k/user-XuCBYoX7rrPayoQ9m5cvlRmI/img-QV8QkLVXA6bsqmqev2Zbk8VN.png?st=2025-10-19T08%3A12%3A51Z&se=2025-10-19T10%3A12%3A51Z&sp=r&sv=2024-08-04&sr=b&rscd=inline&rsct=image/png&skoid=cc612491-d948-4d2e-9821-2683df3719f5&sktid=a48cca56-e6da-484e-a814-9c849652bcb3&skt=2025-10-19T07%3A58%3A53Z&ske=2025-10-20T07%3A58%3A53Z&sks=b&skv=2024-08-04&sig=tSYc4OXsx1TWQRpiNa3gVUDCrkOVhuNgijl2vGVMWSg%3D,success
2025-10-19T11:13:12.928046,E.Guitar,icons/E.Guitar.png,https://oaidalleapiprodscus.blob.core.windows.net/private/org-yl1xNg2HPz8RMi75XCpVco8k/user-XuCBYoX7rrPayoQ9m5cvlRmI/img-YcjyyAS9AcYkmvo4qrBR0Jrq.png?st=2025-10-19T08%3A13%3A10Z&se=2025-10-19T10%3A13%3A10Z&sp=r&sv=2024-08-04&sr=b&rscd=inline&rsct=image/png&skoid=b1a0ae1f-618f-4548-84fd-8b16cacd5485&sktid=a48cca56-e6da-484e-a814-9c849652bcb3&skt=2025-10-18T21%3A01%3A05Z&ske=2025-10-19T21%3A01%3A05Z&sks=b&skv=2024-08-04&sig=6jWrSZiLK8l8RtjHcJGv0t4x69kjDHjpw6Mho3r1LBw%3D,success
2025-10-19T11:13:33.701321,Bass,icons/Bass.png,https://oaidalleapiprodscus.blob.core.windows.net/private/org-yl1xNg2HPz8RMi75XCpVco8k/user-XuCBYoX7rrPayoQ9m5cvlRmI/img-RJgPQ8CW1UzjRcqOU9t2mtM5.png?st=2025-10-19T08%3A13%3A31Z&se=2025-10-19T10%3A13%3A31Z&sp=r&sv=2024-08-04&sr=b&rscd=inline&rsct=image/png&skoid=ed3ea2f9-5e38-44be-9a1b-7c1e65e4d54f&sktid=a48cca56-e6da-484e-a814-9c849652bcb3&skt=2025-10-19T09%3A13%3A31Z&ske=2025-10-20T09%3A13%3A31Z&sks=b&skv=2024-08-04&sig=QQRVLSjjkYkOcr0HVC4MmB40s04KGsXpcT3%2BPKPqSzo%3D,success
2025-10-19T11:13:52.487904,Percussion,icons/Percussion.png,https://oaidalleapiprodscus.blob.core.windows.net/private/org-yl1xNg2HPz8RMi75XCpVco8k/user-XuCBYoX7rrPayoQ9m5cvlRmI/img-uhsZPXYrhDv6VeD2FWlDJ8nO.png?st=2025-10-19T08%3A13%3A50Z&se=2025-10-19T10%3A13%3A50Z&sp=r&sv=2024-08-04&sr=b&rscd=inline&rsct=image/png&skoid=cc612491-d948-4d2e-9821-2683df3719f5&sktid=a48cca56-e6da-484e-a814-9c849652bcb3&skt=2025-10-19T09%3A13%3A50Z&ske=2025-10-20T09%3A13%3A50Z&sks=b&skv=2024-08-04&sig=FaGnnaU4vifNDoXoQ6Qjzo4DeLzvXjFaPMUaiogUXB8%3D,success
2025-10-19T11:14:10.587260,Accordion,icons/Accordion.png,https://oaidalleapiprodscus.blob.core.windows.net/private/org-yl1xNg2HPz8RMi75XCpVco8k/user-XuCBYoX7rrPayoQ9m5cvlRmI/img-aNPkwWf7NEiAK60XQOX7WI2A.png?st=2025-10-19T08%3A14%3A08Z&se=2025-10-19T10%3A14%3A08Z&sp=r&sv=2024-08-04&sr=b&rscd=inline&rsct=image/png&skoid=b1a0ae1f-618f-4548-84fd-8b16cacd5485&sktid=a48cca56-e6da-484e-a814-9c849652bcb3&skt=2025-10-19T00%3A05%3A13Z&ske=2025-10-20T00%3A05%3A13Z&sks=b&skv=2024-08-04&sig=E/p6kLGSE9DI/ps%2Bu7s68lpQtG8IxV8xo10yVxuAm3w%3D,success
2025-10-19T11:14:29.200222,Pad,icons/Pad.png,https://oaidalleapiprodscus.blob.core.windows.net/private/org-yl1xNg2HPz8RMi75XCpVco8k/user-XuCBYoX7rrPayoQ9m5cvlRmI/img-Vt0dQiiwUsgsPguKuwYwaHEH.png?st=2025-10-19T08%3A14%3A27Z&se=2025-10-19T10%3A14%3A27Z&sp=r&sv=2024-08-04&sr=b&rscd=inline&rsct=image/png&skoid=ed3ea2f9-5e38-44be-9a1b-7c1e65e4d54f&sktid=a48cca56-e6da-484e-a814-9c849652bcb3&skt=2025-10-19T03%3A00%3A27Z&ske=2025-10-20T03%3A00%3A27Z&sks=b&skv=2024-08-04&sig=4vMFoSfKfqNo0t7m1dMYGMU3aEXpa6ZVIi1fh1bz/Es%3D,success
2025-10-19T11:14:49.073552,Synth,icons/Synth.png,https://oaidalleapiprodscus.blob.core.windows.net/private/org-yl1xNg2HPz8RMi75XCpVco8k/user-XuCBYoX7rrPayoQ9m5cvlRmI/img-vh7WnaxGhozXg8SJNzQu3GFQ.png?st=2025-10-19T08%3A14%3A46Z&se=2025-10-19T10%3A14%3A46Z&sp=r&sv=2024-08-04&sr=b&rscd=inline&rsct=image/png&skoid=b1a0ae1f-618f-4548-84fd-8b16cacd5485&sktid=a48cca56-e6da-484e-a814-9c849652bcb3&skt=2025-10-19T09%3A14%3A46Z&ske=2025-10-20T09%3A14%3A46Z&sks=b&skv=2024-08-04&sig=YkIAD4rNQNKRaA94OwR8gXURe5hM3JVydn2U7IjM8hA%3D,success
2025-10-19T11:15:08.999789,OrganWorld/Vintage,icons/OrganWorld_Vintage.png,https://oaidalleapiprodscus.blob.core.windows.net/private/org-yl1xNg2HPz8RMi75XCpVco8k/user-XuCBYoX7rrPayoQ9m5cvlRmI/img-IPqW7p0epaaGcoF3qYaWLgQ5.png?st=2025-10-19T08%3A15%3A07Z&se=2025-10-19T10%3A15%3A07Z&sp=r&sv=2024-08-04&sr=b&rscd=inline&rsct=image/png&skoid=ed3ea2f9-5e38-44be-9a1b-7c1e65e4d54f&sktid=a48cca56-e6da-484e-a814-9c849652bcb3&skt=2025-10-19T06%3A20%3A49Z&ske=2025-10-20T06%3A20%3A49Z&sks=b&skv=2024-08-04&sig=Nch/iIFd905QRVPzNuszhHKMCyz8oHlv2Z8m3ixh2eE%3D,success
2025-10-19T11:15:32.195154,OrganWorld/Home,icons/OrganWorld_Home.png,https://oaidalleapiprodscus.blob.core.windows.net/private/org-yl1xNg2HPz8RMi75XCpVco8k/user-XuCBYoX7rrPayoQ9m5cvlRmI/img-q1zFaU99QPVMBZrm0w737aEA.png?st=2025-10-19T08%3A15%3A30Z&se=2025-10-19T10%3A15%3A30Z&sp=r&sv=2024-08-04&sr=b&rscd=inline&rsct=image/png&skoid=77e5a8ec-6bd1-4477-8afc-16703a64f029&sktid=a48cca56-e6da-484e-a814-9c849652bcb3&skt=2025-10-19T01%3A04%3A28Z&ske=2025-10-20T01%3A04%3A28Z&sks=b&skv=2024-08-04&sig=jQL4swZGTRY41s0QAQ3TJp31gAXx7n/7gzl0MRvZY%2B0%3D,success
2025-10-19T11:15:52.891653,OrganWorld/Euro,icons/OrganWorld_Euro.png,https://oaidalleapiprodscus.blob.core.windows.net/private/org-yl1xNg2HPz8RMi75XCpVco8k/user-XuCBYoX7rrPayoQ9m5cvlRmI/img-WW8qtNKCkjlwVYKLFMTGZMUK.png?st=2025-10-19T08%3A15%3A50Z&se=2025-10-19T10%3A15%3A50Z&sp=r&sv=2024-08-04&sr=b&rscd=inline&rsct=image/png&skoid=77e5a8ec-6bd1-4477-8afc-16703a64f029&sktid=a48cca56-e6da-484e-a814-9c849652bcb3&skt=2025-10-19T08%3A55%3A52Z&ske=2025-10-20T08%3A55%3A52Z&sks=b&skv=2024-08-04&sig=6vSf5mtwTzYz0liw7IjXSsw0IxARXFcT9f79jFjZb/8%3D,success
2025-10-19T11:16:09.250167,OrganWorld/Concert,icons/OrganWorld_Concert.png,https://oaidalleapiprodscus.blob.core.windows.net/private/org-yl1xNg2HPz8RMi75XCpVco8k/user-XuCBYoX7rrPayoQ9m5cvlRmI/img-WgwurcsKFFCpenuzkN473qIP.png?st=2025-10-19T08%3A16%3A07Z&se=2025-10-19T10%3A16%3A07Z&sp=r&sv=2024-08-04&sr=b&rscd=inline&rsct=image/png&skoid=8b33a531-2df9-46a3-bc02-d4b1430a422c&sktid=a48cca56-e6da-484e-a814-9c849652bcb3&skt=2025-10-19T09%3A16%3A07Z&ske=2025-10-20T09%3A16%3A07Z&sks=b&skv=2024-08-04&sig=la0OTn0i34rBNRXkqqW81eXbgEay8x/7aNDYWKbeNKE%3D,success
2025-10-19T11:16:26.327895,OrganWorld/Theatre,icons/OrganWorld_Theatre.png,https://oaidalleapiprodscus.blob.core.windows.net/private/org-yl1xNg2HPz8RMi75XCpVco8k/user-XuCBYoX7rrPayoQ9m5cvlRmI/img-AcXrATo9l28coQt33Ia6Mcsi.png?st=2025-10-19T08%3A16%3A24Z&se=2025-10-19T10%3A16%3A24Z&sp=r&sv=2024-08-04&sr=b&rscd=inline&rsct=image/png&skoid=8b33a531-2df9-46a3-bc02-d4b1430a422c&sktid=a48cca56-e6da-484e-a814-9c849652bcb3&skt=2025-10-19T09%3A16%3A24Z&ske=2025-10-20T09%3A16%3A24Z&sks=b&skv=2024-08-04&sig=/7N9oRw2hXQoPPzq6GlRzwU0XXn/Klu08GGXIvtc2Z8%3D,success
2025-10-19T11:16:43.783514,Ensemble/Brass,icons/Ensemble_Brass.png,https://oaidalleapiprodscus.blob.core.windows.net/private/org-yl1xNg2HPz8RMi75XCpVco8k/user-XuCBYoX7rrPayoQ9m5cvlRmI/img-l3lPvw4ZOnCON6T9hc6XSiaV.png?st=2025-10-19T08%3A16%3A41Z&se=2025-10-19T10%3A16%3A41Z&sp=r&sv=2024-08-04&sr=b&rscd=inline&rsct=image/png&skoid=b1a0ae1f-618f-4548-84fd-8b16cacd5485&sktid=a48cca56-e6da-484e-a814-9c849652bcb3&skt=2025-10-18T15%3A26%3A52Z&ske=2025-10-19T15%3A26%3A52Z&sks=b&skv=2024-08-04&sig=inLKSgrsw9Fbhmu2MtmyKtThqxMvLGm5L7tFpnR2GA8%3D,success
2025-10-19T11:17:01.456286,Ensemble/Strings,icons/Ensemble_Strings.png,https://oaidalleapiprodscus.blob.core.windows.net/private/org-yl1xNg2HPz8RMi75XCpVco8k/user-XuCBYoX7rrPayoQ9m5cvlRmI/img-Dz3iB4hpRtwixDTS3JgjZhHj.png?st=2025-10-19T08%3A16%3A59Z&se=2025-10-19T10%3A16%3A59Z&sp=r&sv=2024-08-04&sr=b&rscd=inline&rsct=image/png&skoid=f1dafa11-a0c2-4092-91d4-10981fbda051&sktid=a48cca56-e6da-484e-a814-9c849652bcb3&skt=2025-10-18T13%3A10%3A13Z&ske=2025-10-19T13%3A10%3A13Z&sks=b&skv=2024-08-04&sig=InGsp/XdVm4SkYn23Erzad7Czins4zzqbgj5KspGC/k%3D,success
2025-10-19T11:17:20.672817,Ensemble/Woodwind,icons/Ensemble_Woodwind.png,https://oaidalleapiprodscus.blob.core.windows.net/private/org-yl1xNg2HPz8RMi75XCpVco8k/user-XuCBYoX7rrPayoQ9m5cvlRmI/img-9PRb9ToIaCccnl4YpuJfhwt4.png?st=2025-10-19T08%3A17%3A18Z&se=2025-10-19T10%3A17%3A18Z&sp=r&sv=2024-08-04&sr=b&rscd=inline&rsct=image/png&skoid=8b33a531-2df9-46a3-bc02-d4b1430a422c&sktid=a48cca56-e6da-484e-a814-9c849652bcb3&skt=2025-10-18T19%3A51%3A57Z&ske=2025-10-19T19%3A51%3A57Z&sks=b&skv=2024-08-04&sig=HoUl/LcBF6UcZ8D%2BqQXadg4/K7gCSNHHqBUga44QIMM%3D,success
2025-10-19T11:17:39.470258,Ensemble/Choir,icons/Ensemble_Choir.png,https://oaidalleapiprodscus.blob.core.windows.net/private/org-yl1xNg2HPz8RMi75XCpVco8k/user-XuCBYoX7rrPayoQ9m5cvlRmI/img-T0u7OIOYggZBLGP9Rh5S0Wu6.png?st=2025-10-19T08%3A17%3A37Z&se=2025-10-19T10%3A17%3A37Z&sp=r&sv=2024-08-04&sr=b&rscd=inline&rsct=image/png&skoid=8b33a531-2df9-46a3-bc02-d4b1430a422c&sktid=a48cca56-e6da-484e-a814-9c849652bcb3&skt=2025-10-19T09%3A17%3A37Z&ske=2025-10-20T09%3A17%3A37Z&sks=b&skv=2024-08-04&sig=G4O1AfxR0d3h7C1FN7LA6qoB1h2ZV4zdPENcMOiMYdw%3D,success
2025-10-19T11:17:58.442813,Ensemble/Others,icons/Ensemble_Others.png,https://oaidalleapiprodscus.blob.core.windows.net/private/org-yl1xNg2HPz8RMi75XCpVco8k/user-XuCBYoX7rrPayoQ9m5cvlRmI/img-2Z0KCZjYTKY9cCwQyjTiqayV.png?st=2025-10-19T08%3A17%3A56Z&se=2025-10-19T10%3A17%3A56Z&sp=r&sv=2024-08-04&sr=b&rscd=inline&rsct=image/png&skoid=ed3ea2f9-5e38-44be-9a1b-7c1e65e4d54f&sktid=a48cca56-e6da-484e-a814-9c849652bcb3&skt=2025-10-19T05%3A29%3A29Z&ske=2025-10-20T05%3A29%3A29Z&sks=b&skv=2024-08-04&sig=EUoEdtASvky5TQdM27mgVA7p2AzFf7E6K4UAw/B/%2BoM%3D,success
2025-10-19T11:18:16.389299,Legacy/Piano,icons/Legacy_Piano.png,https://oaidalleapiprodscus.blob.core.windows.net/private/org-yl1xNg2HPz8RMi75XCpVco8k/user-XuCBYoX7rrPayoQ9m5cvlRmI/img-9nKhAYdsNEmncFXeYUtxy0Q1.png?st=2025-10-19T08%3A18%3A14Z&se=2025-10-19T10%3A18%3A14Z&sp=r&sv=2024-08-04&sr=b&rscd=inline&rsct=image/png&skoid=cc612491-d948-4d2e-9821-2683df3719f5&sktid=a48cca56-e6da-484e-a814-9c849652bcb3&skt=2025-10-19T09%3A18%3A14Z&ske=2025-10-20T09%3A18%3A14Z&sks=b&skv=2024-08-04&sig=8gyGjOPdENzT5bt8HMjOMW7b3dwJALQ9eibu7rltM0g%3D,success
2025-10-19T11:18:34.310208,Legacy/E.Piano,icons/Legacy_E.Piano.png,https://oaidalleapiprodscus.blob.core.windows.net/private/org-yl1xNg2HPz8RMi75XCpVco8k/user-XuCBYoX7rrPayoQ9m5cvlRmI/img-YQoyPrwDvM7un8zOAK5REDrd.png?st=2025-10-19T08%3A18%3A32Z&se=2025-10-19T10%3A18%3A32Z&sp=r&sv=2024-08-04&sr=b&rscd=inline&rsct=image/png&skoid=f1dafa11-a0c2-4092-91d4-10981fbda051&sktid=a48cca56-e6da-484e-a814-9c849652bcb3&skt=2025-10-18T20%3A25%3A42Z&ske=2025-10-19T20%3A25%3A42Z&sks=b&skv=2024-08-04&sig=wlfpsq0Ot5hSnvGyr0%2Be8DqGpbEPI0Xl/b%2B%2BSV0bUyA%3D,success
2025-10-19T11:18:52.846821,Legacy/Organ,icons/Legacy_Organ.png,https://oaidalleapiprodscus.blob.core.windows.net/private/org-yl1xNg2HPz8RMi75XCpVco8k/user-XuCBYoX7rrPayoQ9m5cvlRmI/img-HU8icbeBSd3HvFviZGGPUzOP.png?st=2025-10-19T08%3A18%3A51Z&se=2025-10-19T10%3A18%3A51Z&sp=r&sv=2024-08-04&sr=b&rscd=inline&rsct=image/png&skoid=ed3ea2f9-5e38-44be-9a1b-7c1e65e4d54f&sktid=a48cca56-e6da-484e-a814-9c849652bcb3&skt=2025-10-18T17%3A34%3A22Z&ske=2025-10-19T17%3A34%3A22Z&sks=b&skv=2024-08-04&sig=ZcRMzRYtJ8Zsfgm0iIOAqQPRtw6dVs6/4lbRUd0U1LM%3D,success
2025-10-19T11:19:10.547286,Legacy/Strings,icons/Legacy_Strings.png,https://oaidalleapiprodscus.blob.core.windows.net/private/org-yl1xNg2HPz8RMi75XCpVco8k/user-XuCBYoX7rrPayoQ9m5cvlRmI/img-B2j38IIOdb6dYwelUSwhH0GD.png?st=2025-10-19T08%3A19%3A08Z&se=2025-10-19T10%3A19%3A08Z&sp=r&sv=2024-08-04&sr=b&rscd=inline&rsct=image/png&skoid=f1dafa11-a0c2-4092-91d4-10981fbda051&sktid=a48cca56-e6da-484e-a814-9c849652bcb3&skt=2025-10-19T00%3A09%3A28Z&ske=2025-10-20T00%3A09%3A28Z&sks=b&skv=2024-08-04&sig=ddEO%2BarNrcz5E9QS979cFBHZ3qs3PXb39WIs88FjCFE%3D,success
2025-10-19T11:19:31.544779,Legacy/Choir,icons/Legacy_Choir.png,https://oaidalleapiprodscus.blob.core.windows.net/private/org-yl1xNg2HPz8RMi75XCpVco8k/user-XuCBYoX7rrPayoQ9m5cvlRmI/img-iFdqFRfCKg4ps5Klk0eH7WW8.png?st=2025-10-19T08%3A19%3A29Z&se=2025-10-19T10%3A19%3A29Z&sp=r&sv=2024-08-04&sr=b&rscd=inline&rsct=image/png&skoid=b1a0ae1f-618f-4548-84fd-8b16cacd5485&sktid=a48cca56-e6da-484e-a814-9c849652bcb3&skt=2025-10-19T09%3A19%3A29Z&ske=2025-10-20T09%3A19%3A29Z&sks=b&skv=2024-08-04&sig=p/xB/s1HkTHv3kFVSb6UWZJkMyw4S3TjUCufnUH35Dw%3D,success
2025-10-19T11:19:48.581234,Legacy/Brass,icons/Legacy_Brass.png,https://oaidalleapiprodscus.blob.core.windows.net/private/org-yl1xNg2HPz8RMi75XCpVco8k/user-XuCBYoX7rrPayoQ9m5cvlRmI/img-SCC8r3OczZJBNohSLt4CYjWe.png?st=2025-10-19T08%3A19%3A46Z&se=2025-10-19T10%3A19%3A46Z&sp=r&sv=2024-08-04&sr=b&rscd=inline&rsct=image/png&skoid=ed3ea2f9-5e38-44be-9a1b-7c1e65e4d54f&sktid=a48cca56-e6da-484e-a814-9c849652bcb3&skt=2025-10-19T05%3A42%3A27Z&ske=2025-10-20T05%3A42%3A27Z&sks=b&skv=2024-08-04&sig=Z3yS7VDYGvP%2BuCLwDhGPwUQZ1Z5TaEi9%2BzwmuXBLkPE%3D,success
2025-10-19T11:20:07.898841,Legacy/Woodwind,icons/Legacy_Woodwind.png,https://oaidalleapiprodscus.blob.core.windows.net/private/org-yl1xNg2HPz8RMi75XCpVco8k/user-XuCBYoX7rrPayoQ9m5cvlRmI/img-zjYpjumYLNYZHkJ4yruV4V6W.png?st=2025-10-19T08%3A20%3A06Z&se=2025-10-19T10%3A20%3A06Z&sp=r&sv=2024-08-04&sr=b&rscd=inline&rsct=image/png&skoid=b1a0ae1f-618f-4548-84fd-8b16cacd5485&sktid=a48cca56-e6da-484e-a814-9c849652bcb3&skt=2025-10-18T22%3A31%3A21Z&ske=2025-10-19T22%3A31%3A21Z&sks=b&skv=2024-08-04&sig=F4TFdhUB3aJ7KXVf%2BanHv7EqdV8nBjALBvEnvwN0buM%3D,success
2025-10-19T11:20:25.700532,Legacy/A.Guitar,icons/Legacy_A.Guitar.png,https://oaidalleapiprodscus.blob.core.windows.net/private/org-yl1xNg2HPz8RMi75XCpVco8k/user-XuCBYoX7rrPayoQ9m5cvlRmI/img-UTGgojL40vN3jlYcWZlkVtCw.png?st=2025-10-19T08%3A20%3A23Z&se=2025-10-19T10%3A20%3A23Z&sp=r&sv=2024-08-04&sr=b&rscd=inline&rsct=image/png&skoid=ed3ea2f9-5e38-44be-9a1b-7c1e65e4d54f&sktid=a48cca56-e6da-484e-a814-9c849652bcb3&skt=2025-10-19T02%3A20%3A50Z&ske=2025-10-20T02%3A20%3A50Z&sks=b&skv=2024-08-04&sig=LeUIQ53YQqaNKPE/d58jAJG3MThhJ/dE62cSNNWVSzg%3D,success
2025-10-19T11:20:43.462137,Legacy/E.Guitar,icons/Legacy_E.Guitar.png,https://oaidalleapiprodscus.blob.core.windows.net/private/org-yl1xNg2HPz8RMi75XCpVco8k/user-XuCBYoX7rrPayoQ9m5cvlRmI/img-qKH4UZwBWTPMMSU3feckOkLA.png?st=2025-10-19T08%3A20%3A41Z&se=2025-10-19T10%3A20%3A41Z&sp=r&sv=2024-08-04&sr=b&rscd=inline&rsct=image/png&skoid=8b33a531-2df9-46a3-bc02-d4b1430a422c&sktid=a48cca56-e6da-484e-a814-9c849652bcb3&skt=2025-10-18T09%3A30%3A19Z&ske=2025-10-19T09%3A30%3A19Z&sks=b&skv=2024-08-04&sig=uIpLnC9qICnoIgIyOEbczekIl6g%2Bf029jiKWVr%2BmBRM%3D,success
2025-10-19T11:21:02.041377,Legacy/Bass,icons/Legacy_Bass.png,https://oaidalleapiprodscus.blob.core.windows.net/private/org-yl1xNg2HPz8RMi75XCpVco8k/user-XuCBYoX7rrPayoQ9m5cvlRmI/img-RcTxlz44c4b463114h94LTT4.png?st=2025-10-19T08%3A20%3A59Z&se=2025-10-19T10%3A20%3A59Z&sp=r&sv=2024-08-04&sr=b&rscd=inline&rsct=image/png&skoid=cc612491-d948-4d2e-9821-2683df3719f5&sktid=a48cca56-e6da-484e-a814-9c849652bcb3&skt=2025-10-19T09%3A20%3A59Z&ske=2025-10-20T09%3A20%3A59Z&sks=b&skv=2024-08-04&sig=uYupDiaWctA/vhETKt1onxxN9TFjKCwlWG8KH9HTo14%3D,success
2025-10-19T11:21:19.029372,Legacy/Percussion,icons/Legacy_Percussion.png,https://oaidalleapiprodscus.blob.core.windows.net/private/org-yl1xNg2HPz8RMi75XCpVco8k/user-XuCBYoX7rrPayoQ9m5cvlRmI/img-tP6QBrTZ6KWuc8ffq8bFyIk6.png?st=2025-10-19T08%3A21%3A17Z&se=2025-10-19T10%3A21%3A17Z&sp=r&sv=2024-08-04&sr=b&rscd=inline&rsct=image/png&skoid=8b33a531-2df9-46a3-bc02-d4b1430a422c&sktid=a48cca56-e6da-484e-a814-9c849652bcb3&skt=2025-10-18T18%3A58%3A09Z&ske=2025-10-19T18%3A58%3A09Z&sks=b&skv=2024-08-04&sig=H6gcxUMA6MmRpxFtsfk%2BwOMJsNHuDRNnStthsVpp0Kg%3D,success
2025-10-19T11:21:38.326053,Legacy/Accordion,icons/Legacy_Accordion.png,https://oaidalleapiprodscus.blob.core.windows.net/private/org-yl1xNg2HPz8RMi75XCpVco8k/user-XuCBYoX7rrPayoQ9m5cvlRmI/img-ZkJNO2A3mYH3ZimrNrj0gCJF.png?st=2025-10-19T08%3A21%3A35Z&se=2025-10-19T10%3A21%3A35Z&sp=r&sv=2024-08-04&sr=b&rscd=inline&rsct=image/png&skoid=8b33a531-2df9-46a3-bc02-d4b1430a422c&sktid=a48cca56-e6da-484e-a814-9c849652bcb3&skt=2025-10-18T15%3A59%3A28Z&ske=2025-10-19T15%3A59%3A28Z&sks=b&skv=2024-08-04&sig=YhC/xyH0KjnavA74TxpSmgMh3yW9l5lifqBhQiv0rFc%3D,success
2025-10-19T11:21:58.113150,Legacy/Pad,icons/Legacy_Pad.png,https://oaidalleapiprodscus.blob.core.windows.net/private/org-yl1xNg2HPz8RMi75XCpVco8k/user-XuCBYoX7rrPayoQ9m5cvlRmI/img-4BwT3g5Nbrpoo9mSv05ReqTS.png?st=2025-10-19T08%3A21%3A56Z&se=2025-10-19T10%3A21%3A56Z&sp=r&sv=2024-08-04&sr=b&rscd=inline&rsct=image/png&skoid=77e5a8ec-6bd1-4477-8afc-16703a64f029&sktid=a48cca56-e6da-484e-a814-9c849652bcb3&skt=2025-10-19T09%3A21%3A56Z&ske=2025-10-20T09%3A21%3A56Z&sks=b&skv=2024-08-04&sig=%2BZW0661w/WKwNUJeVwIdWvPIx5AZ6onU3p9Hh%2B27Ar8%3D,success
2025-10-19T11:22:17.773199,Legacy/Synth,icons/Legacy_Synth.png,https://oaidalleapiprodscus.blob.core.windows.net/private/org-yl1xNg2HPz8RMi75XCpVco8k/user-XuCBYoX7rrPayoQ9m5cvlRmI/img-n7zAMKvQkq0zwKyeWEifGXU0.png?st=2025-10-19T08%3A22%3A15Z&se=2025-10-19T10%3A22%3A15Z&sp=r&sv=2024-08-04&sr=b&rscd=inline&rsct=image/png&skoid=77e5a8ec-6bd1-4477-8afc-16703a64f029&sktid=a48cca56-e6da-484e-a814-9c849652bcb3&skt=2025-10-19T06%3A45%3A48Z&ske=2025-10-20T06%3A45%3A48Z&sks=b&skv=2024-08-04&sig=36YaCEiDJnXpcH2TCUO18KzhRiM5RzTk%2BRWBToFeBAg%3D,success
2025-10-19T11:22:33.431628,MegaVoices/Strings,icons/MegaVoices_Strings.png,https://oaidalleapiprodscus.blob.core.windows.net/private/org-yl1xNg2HPz8RMi75XCpVco8k/user-XuCBYoX7rrPayoQ9m5cvlRmI/img-Giu1Hu1bYiWNwmjqXYTA9RKO.png?st=2025-10-19T08%3A22%3A31Z&se=2025-10-19T10%3A22%3A31Z&sp=r&sv=2024-08-04&sr=b&rscd=inline&rsct=image/png&skoid=8b33a531-2df9-46a3-bc02-d4b1430a422c&sktid=a48cca56-e6da-484e-a814-9c849652bcb3&skt=2025-10-19T05%3A58%3A51Z&ske=2025-10-20T05%3A58%3A51Z&sks=b&skv=2024-08-04&sig=uRKSomp%2Bqbrmy1IXLEZovI88cNA3Db6FSNIQ%2B5t5MXQ%3D,success
2025-10-19T11:22:50.862384,MegaVoices/Choir,icons/MegaVoices_Choir.png,https://oaidalleapiprodscus.blob.core.windows.net/private/org-yl1xNg2HPz8RMi75XCpVco8k/user-XuCBYoX7rrPayoQ9m5cvlRmI/img-mOlJmqdxbAJilfHWm4JqE99i.png?st=2025-10-19T08%3A22%3A49Z&se=2025-10-19T10%3A22%3A49Z&sp=r&sv=2024-08-04&sr=b&rscd=inline&rsct=image/png&skoid=cc612491-d948-4d2e-9821-2683df3719f5&sktid=a48cca56-e6da-484e-a814-9c849652bcb3&skt=2025-10-18T09%3A44%3A30Z&ske=2025-10-19T09%3A44%3A30Z&sks=b&skv=2024-08-04&sig=AD/VRtub/KMc/IgJuV30TwxHCYPAzP9ruyzvFewf8Bo%3D,success
2025-10-19T11:23:07.966126,MegaVoices/Brass,icons/MegaVoices_Brass.png,https://oaidalleapiprodscus.blob.core.windows.net/private/org-yl1xNg2HPz8RMi75XCpVco8k/user-XuCBYoX7rrPayoQ9m5cvlRmI/img-AT0jTz2E2mWWJIEnVkQNPYjl.png?st=2025-10-19T08%3A23%3A06Z&se=2025-10-19T10%3A23%3A06Z&sp=r&sv=2024-08-04&sr=b&rscd=inline&rsct=image/png&skoid=ed3ea2f9-5e38-44be-9a1b-7c1e65e4d54f&sktid=a48cca56-e6da-484e-a814-9c849652bcb3&skt=2025-10-18T13%3A37%3A13Z&ske=2025-10-19T13%3A37%3A13Z&sks=b&skv=2024-08-04&sig=ojmJ9N/vrL/bqsH593MLH%2Br0L5pZufVOFv4mNT83Cd8%3D,success
2025-10-19T11:23:27.740483,MegaVoices/Woodwind,icons/MegaVoices_Woodwind.png,https://oaidalleapiprodscus.blob.core.windows.net/private/org-yl1xNg2HPz8RMi75XCpVco8k/user-XuCBYoX7rrPayoQ9m5cvlRmI/img-L3xqYaphbRkfLhuJeRACRe3W.png?st=2025-10-19T08%3A23%3A25Z&se=2025-10-19T10%3A23%3A25Z&sp=r&sv=2024-08-04&sr=b&rscd=inline&rsct=image/png&skoid=b1a0ae1f-618f-4548-84fd-8b16cacd5485&sktid=a48cca56-e6da-484e-a814-9c849652bcb3&skt=2025-10-18T18%3A02%3A55Z&ske=2025-10-19T18%3A02%3A55Z&sks=b&skv=2024-08-04&sig=FdzKXN5Oj6gnfKyQ1hDnTUoJgX3VsAHrjkVPhcVnTCM%3D,success
2025-10-19T11:23:47.964686,MegaVoices/A.Guitar,icons/MegaVoices_A.Guitar.png,https://oaidalleapiprodscus.blob.core.windows.net/private/org-yl1xNg2HPz8RMi75XCpVco8k/user-XuCBYoX7rrPayoQ9m5cvlRmI/img-zPI8z45MAjjNecAo0vlBo2TB.png?st=2025-10-19T08%3A23%3A46Z&se=2025-10-19T10%3A23%3A46Z&sp=r&sv=2024-08-04&sr=b&rscd=inline&rsct=image/png&skoid=77e5a8ec-6bd1-4477-8afc-16703a64f029&sktid=a48cca56-e6da-484e-a814-9c849652bcb3&skt=2025-10-19T01%3A12%3A44Z&ske=2025-10-20T01%3A12%3A44Z&sks=b&skv=2024-08-04&sig=Va4t2gkCfx/yoDosGzdzLY0e4NIom0EyXsIUEcTm3PU%3D,success
2025-10-19T11:24:05.644215,MegaVoices/E.Guitar,icons/MegaVoices_E.Guitar.png,https://oaidalleapiprodscus.blob.core.windows.net/private/org-yl1xNg2HPz8RMi75XCpVco8k/user-XuCBYoX7rrPayoQ9m5cvlRmI/img-v1vv74ryIl0rYNXqV6yToCLw.png?st=2025-10-19T08%3A24%3A03Z&se=2025-10-19T10%3A24%3A03Z&sp=r&sv=2024-08-04&sr=b&rscd=inline&rsct=image/png&skoid=8b33a531-2df9-46a3-bc02-d4b1430a422c&sktid=a48cca56-e6da-484e-a814-9c849652bcb3&skt=2025-10-18T19%3A27%3A36Z&ske=2025-10-19T19%3A27%3A36Z&sks=b&skv=2024-08-04&sig=UBshoBiw91VJbOQilpPh04QemLdNSqDHDMlCyX6QANc%3D,success
2025-10-19T11:24:23.895728,MegaVoices/Bass,icons/MegaVoices_Bass.png,https://oaidalleapiprodscus.blob.core.windows.net/private/org-yl1xNg2HPz8RMi75XCpVco8k/user-XuCBYoX7rrPayoQ9m5cvlRmI/img-4OuBL7mK5FP7dKs8vRZAyeS1.png?st=2025-10-19T08%3A24%3A22Z&se=2025-10-19T10%3A24%3A22Z&sp=r&sv=2024-08-04&sr=b&rscd=inline&rsct=image/png&skoid=f1dafa11-a0c2-4092-91d4-10981fbda051&sktid=a48cca56-e6da-484e-a814-9c849652bcb3&skt=2025-10-18T19%3A28%3A43Z&ske=2025-10-19T19%3A28%3A43Z&sks=b&skv=2024-08-04&sig=GUPqgYjTRAVosgiJQid/2AgBiVLrRh4%2B4XEd12POLIc%3D,success
2025-10-19T11:24:44.872900,EXP SA2 Alto Sax,icons/EXP_SA2_Alto_Sax.png,https://oaidalleapiprodscus.blob.core.windows.net/private/org-yl1xNg2HPz8RMi75XCpVco8k/user-XuCBYoX7rrPayoQ9m5cvlRmI/img-wiZXf7hMfqt0BtRjQr9maOo1.png?st=2025-10-19T08%3A24%3A43Z&se=2025-10-19T10%3A24%3A43Z&sp=r&sv=2024-08-04&sr=b&rscd=inline&rsct=image/png&skoid=8b33a531-2df9-46a3-bc02-d4b1430a422c&sktid=a48cca56-e6da-484e-a814-9c849652bcb3&skt=2025-10-18T09%3A27%3A50Z&ske=2025-10-19T09%3A27%3A50Z&sks=b&skv=2024-08-04&sig=o1ihvZYrvzHDKW87hD3uC2oIIhDt3mT2PyIn7QBkQBw%3D,success
2025-10-19T11:25:04.940377,EXP SA2 BaritoneSax,icons/EXP_SA2_BaritoneSax.png,https://oaidalleapiprodscus.blob.core.windows.net/private/org-yl1xNg2HPz8RMi75XCpVco8k/user-XuCBYoX7rrPayoQ9m5cvlRmI/img-XlwRNazc2PfuJQ9lyx9kJURJ.png?st=2025-10-19T08%3A25%3A02Z&se=2025-10-19T10%3A25%3A02Z&sp=r&sv=2024-08-04&sr=b&rscd=inline&rsct=image/png&skoid=77e5a8ec-6bd1-4477-8afc-16703a64f029&sktid=a48cca56-e6da-484e-a814-9c849652bcb3&skt=2025-10-19T09%3A25%3A02Z&ske=2025-10-20T09%3A25%3A02Z&sks=b&skv=2024-08-04&sig=Dgqck2SlA0ft5MJPNOzKznVV/N%2BCaGcwzUeA5YquqLY%3D,success
2025-10-19T11:25:22.215105,EXP SA2 FemaleVocals,icons/EXP_SA2_FemaleVocals.png,https://oaidalleapiprodscus.blob.core.windows.net/private/org-yl1xNg2HPz8RMi75XCpVco8k/user-XuCBYoX7rrPayoQ9m5cvlRmI/img-k0DtpslmiOTFiUoLJT40Z3st.png?st=2025-10-19T08%3A25%3A20Z&se=2025-10-19T10%3A25%3A20Z&sp=r&sv=2024-08-04&sr=b&rscd=inline&rsct=image/png&skoid=b1a0ae1f-618f-4548-84fd-8b16cacd5485&sktid=a48cca56-e6da-484e-a814-9c849652bcb3&skt=2025-10-19T09%3A25%3A20Z&ske=2025-10-20T09%3A25%3A20Z&sks=b&skv=2024-08-04&sig=qc5nhiG9DkH/dSY%2BQkDo9jyuSnHloTyROWBbmKBk9%2Bk%3D,success
2025-10-19T11:25:43.725782,EXP SA2 Tenor Sax,icons/EXP_SA2_Tenor_Sax.png,https://oaidalleapiprodscus.blob.core.windows.net/private/org-yl1xNg2HPz8RMi75XCpVco8k/user-XuCBYoX7rrPayoQ9m5cvlRmI/img-qa8uncgnnqVHQQHRbxhmTppr.png?st=2025-10-19T08%3A25%3A42Z&se=2025-10-19T10%3A25%3A42Z&sp=r&sv=2024-08-04&sr=b&rscd=inline&rsct=image/png&skoid=ed3ea2f9-5e38-44be-9a1b-7c1e65e4d54f&sktid=a48cca56-e6da-484e-a814-9c849652bcb3&skt=2025-10-18T23%3A00%3A26Z&ske=2025-10-19T23%3A00%3A26Z&sks=b&skv=2024-08-04&sig=zvdAcg3DGLJ6Onjnd3P9H6xvgqgL02XuenLpPqk4nH4%3D,success
2025-10-19T11:26:03.148716,EXP SA2 Trombone,icons/EXP_SA2_Trombone.png,https://oaidalleapiprodscus.blob.core.windows.net/private/org-yl1xNg2HPz8RMi75XCpVco8k/user-XuCBYoX7rrPayoQ9m5cvlRmI/img-rmeD2im0vlOPiq7hf2XiyQK9.png?st=2025-10-19T08%3A26%3A01Z&se=2025-10-19T10%3A26%3A01Z&sp=r&sv=2024-08-04&sr=b&rscd=inline&rsct=image/png&skoid=ed3ea2f9-5e38-44be-9a1b-7c1e65e4d54f&sktid=a48cca56-e6da-484e-a814-9c849652bcb3&skt=2025-10-18T17%3A03%3A11Z&ske=2025-10-19T17%3A03%3A11Z&sks=b&skv=2024-08-04&sig=Un2V3Uq5hUepkhmf01PHX50Hcli5PHJBYbTWhnfMfm8%3D,success
2025-10-19T11:26:21.621945,EXP SA2 Pan Flutes,icons/EXP_SA2_Pan_Flutes.png,https://oaidalleapiprodscus.blob.core.windows.net/private/org-yl1xNg2HPz8RMi75XCpVco8k/user-XuCBYoX7rrPayoQ9m5cvlRmI/img-V0Ys7zrsZS74M33dO8hwPJEb.png?st=2025-10-19T08%3A26%3A19Z&se=2025-10-19T10%3A26%3A19Z&sp=r&sv=2024-08-04&sr=b&rscd=inline&rsct=image/png&skoid=77e5a8ec-6bd1-4477-8afc-16703a64f029&sktid=a48cca56-e6da-484e-a814-9c849652bcb3&skt=2025-10-19T09%3A26%3A19Z&ske=2025-10-20T09%3A26%3A19Z&sks=b&skv=2024-08-04&sig=xKoHXN5wzyL%2BoS4%2BqcA%2BJldi9dTi%2BstwdtVO5qSJEDc%3D,success
2025-10-19T11:26:42.098871,EXP ALPEN,icons/EXP_ALPEN.png,https://oaidalleapiprodscus.blob.core.windows.net/private/org-yl1xNg2HPz8RMi75XCpVco8k/user-XuCBYoX7rrPayoQ9m5cvlRmI/img-2Jk5dvc1PXaBFz282hpsbaXI.png?st=2025-10-19T08%3A26%3A40Z&se=2025-10-19T10%3A26%3A40Z&sp=r&sv=2024-08-04&sr=b&rscd=inline&rsct=image/png&skoid=f1dafa11-a0c2-4092-91d4-10981fbda051&sktid=a48cca56-e6da-484e-a814-9c849652bcb3&skt=2025-10-18T18%3A37%3A15Z&ske=2025-10-19T18%3A37%3A15Z&sks=b&skv=2024-08-04&sig=1JICschrRCWoNA2LrHima4F3lzrVwSWyMJYAyrVtl5U%3D,success
2025-10-19T11:26:58.707430,EXP Best of Europe,icons/EXP_Best_of_Europe.png,https://oaidalleapiprodscus.blob.core.windows.net/private/org-yl1xNg2HPz8RMi75XCpVco8k/user-XuCBYoX7rrPayoQ9m5cvlRmI/img-EknqqqhLOsWH4bBw2SsV5etx.png?st=2025-10-19T08%3A26%3A56Z&se=2025-10-19T10%3A26%3A56Z&sp=r&sv=2024-08-04&sr=b&rscd=inline&rsct=image/png&skoid=b1a0ae1f-618f-4548-84fd-8b16cacd5485&sktid=a48cca56-e6da-484e-a814-9c849652bcb3&skt=2025-10-18T21%3A53%3A16Z&ske=2025-10-19T21%3A53%3A16Z&sks=b&skv=2024-08-04&sig=iKZI7gqxqFx/cHUF9cElpH8OY0xaTt9c8ICEpajWlzQ%3D,success
2025-10-19T11:27:17.157576,EXP Celtic,icons/EXP_Celtic.png,https://oaidalleapiprodscus.blob.core.windows.net/private/org-yl1xNg2HPz8RMi75XCpVco8k/user-XuCBYoX7rrPayoQ9m5cvlRmI/img-gkygWCe08vYuuhsPSD9xtjTT.png?st=2025-10-19T08%3A27%3A15Z&se=2025-10-19T10%3A27%3A15Z&sp=r&sv=2024-08-04&sr=b&rscd=inline&rsct=image/png&skoid=b1a0ae1f-618f-4548-84fd-8b16cacd5485&sktid=a48cca56-e6da-484e-a814-9c849652bcb3&skt=2025-10-18T20%3A22%3A27Z&ske=2025-10-19T20%3A22%3A27Z&sks=b&skv=2024-08-04&sig=JwOyaBnMjQtV6MWNUWTSFK86IBW7hKQY8bJAnidrPYo%3D,success
2025-10-19T11:27:34.403558,EXP Choir&Vocals,icons/EXP_ChoirandVocals.png,https://oaidalleapiprodscus.blob.core.windows.net/private/org-yl1xNg2HPz8RMi75XCpVco8k/user-XuCBYoX7rrPayoQ9m5cvlRmI/img-cBZKskFIEtGdPBG37Yfcuh5g.png?st=2025-10-19T08%3A27%3A32Z&se=2025-10-19T10%3A27%3A32Z&sp=r&sv=2024-08-04&sr=b&rscd=inline&rsct=image/png&skoid=ed3ea2f9-5e38-44be-9a1b-7c1e65e4d54f&sktid=a48cca56-e6da-484e-a814-9c849652bcb3&skt=2025-10-19T09%3A27%3A32Z&ske=2025-10-20T09%3A27%3A32Z&sks=b&skv=2024-08-04&sig=M5iNFWKykufAFBIuDyRjclz1rFDjgtlqWumZhKGROxc%3D,success
2025-10-19T11:27:51.316447,EXP Church & Christmas,icons/EXP_Church_and_Christmas.png,https://oaidalleapiprodscus.blob.core.windows.net/private/org-yl1xNg2HPz8RMi75XCpVco8k/user-XuCBYoX7rrPayoQ9m5cvlRmI/img-njUsSsy9GMxMePYVxWLDmXO3.png?st=2025-10-19T08%3A27%3A49Z&se=2025-10-19T10%3A27%3A49Z&sp=r&sv=2024-08-04&sr=b&rscd=inline&rsct=image/png&skoid=ed3ea2f9-5e38-44be-9a1b-7c1e65e4d54f&sktid=a48cca56-e6da-484e-a814-9c849652bcb3&skt=2025-10-19T00%3A36%3A27Z&ske=2025-10-20T00%3A36%3A27Z&sks=b&skv=2024-08-04&sig=PzEJ3Fjcd7ZZ6vcqxGetojqNwS4XOpecLe9vXGqIF9g%3D,success
2025-10-19T11:28:09.591376,EXP Entertainer,icons/EXP_Entertainer.png,https://oaidalleapiprodscus.blob.core.windows.net/private/org-yl1xNg2HPz8RMi75XCpVco8k/user-XuCBYoX7rrPayoQ9m5cvlRmI/img-ttZpvBKiPrXg0IABHY77s8fH.png?st=2025-10-19T08%3A28%3A07Z&se=2025-10-19T10%3A28%3A07Z&sp=r&sv=2024-08-04&sr=b&rscd=inline&rsct=image/png&skoid=b1a0ae1f-618f-4548-84fd-8b16cacd5485&sktid=a48cca56-e6da-484e-a814-9c849652bcb3&skt=2025-10-19T00%3A09%3A58Z&ske=2025-10-20T00%3A09%3A58Z&sks=b&skv=2024-08-04&sig=yT989CUXQxQ0maANqtcuW1TSjN8yiQDG%2B1Q/5YY0l0k%3D,success
2025-10-19T11:28:39.111080,EXP EuroDance,icons/EXP_EuroDance.png,https://oaidalleapiprodscus.blob.core.windows.net/private/org-yl1xNg2HPz8RMi75XCpVco8k/user-XuCBYoX7rrPayoQ9m5cvlRmI/img-EYrOATvNIjtfYkd15VCNYqNs.png?st=2025-10-19T08%3A28%3A37Z&se=2025-10-19T10%3A28%3A37Z&sp=r&sv=2024-08-04&sr=b&rscd=inline&rsct=image/png&skoid=77e5a8ec-6bd1-4477-8afc-16703a64f029&sktid=a48cca56-e6da-484e-a814-9c849652bcb3&skt=2025-10-19T09%3A28%3A37Z&ske=2025-10-20T09%3A28%3A37Z&sks=b&skv=2024-08-04&sig=eNfamR1YbQULa/hCnQzw1iotR1Fxr2WQb2ZJt6B4du4%3D,success
2025-10-19T11:28:55.802957,EXP Euro&US Organ,icons/EXP_EuroandUS_Organ.png,https://oaidalleapiprodscus.blob.core.windows.net/private/org-yl1xNg2HPz8RMi75XCpVco8k/user-XuCBYoX7rrPayoQ9m5cvlRmI/img-7ftlM7YS520zHFDb7SCZgNAr.png?st=2025-10-19T08%3A28%3A53Z&se=2025-10-19T10%3A28%3A53Z&sp=r&sv=2024-08-04&sr=b&rscd=inline&rsct=image/png&skoid=f1dafa11-a0c2-4092-91d4-10981fbda051&sktid=a48cca56-e6da-484e-a814-9c849652bcb3&skt=2025-10-18T20%3A57%3A20Z&ske=2025-10-19T20%3A57%3A20Z&sks=b&skv=2024-08-04&sig=KRjGfRxZW/u731vEhKbZxkMpukGBURdIUIKW0MIxz/Q%3D,success
2025-10-19T11:29:16.356554,EXP Latin,icons/EXP_Latin.png,https://oaidalleapiprodscus.blob.core.windows.net/private/org-yl1xNg2HPz8RMi75XCpVco8k/user-XuCBYoX7rrPayoQ9m5cvlRmI/img-xKbPnI5PYWvrva0oGD3fEBgu.png?st=2025-10-19T08%3A29%3A14Z&se=2025-10-19T10%3A29%3A14Z&sp=r&sv=2024-08-04&sr=b&rscd=inline&rsct=image/png&skoid=cc612491-d948-4d2e-9821-2683df3719f5&sktid=a48cca56-e6da-484e-a814-9c849652bcb3&skt=2025-10-19T09%3A29%3A14Z&ske=2025-10-20T09%3A29%3A14Z&sks=b&skv=2024-08-04&sig=g/wVWaOhFkqhPbj9%2BxVTdb9mOWYymoLaTfTT0BmuTtw%3D,success
2025-10-19T11:29:34.935160,EXP Vintage Key,icons/EXP_Vintage_Key.png,https://oaidalleapiprodscus.blob.core.windows.net/private/org-yl1xNg2HPz8RMi75XCpVco8k/user-XuCBYoX7rrPayoQ9m5cvlRmI/img-eOM7QDC9W0kIQdUD0a1zielx.png?st=2025-10-19T08%3A29%3A33Z&se=2025-10-19T10%3A29%3A33Z&sp=r&sv=2024-08-04&sr=b&rscd=inline&rsct=image/png&skoid=cc612491-d948-4d2e-9821-2683df3719f5&sktid=a48cca56-e6da-484e-a814-9c849652bcb3&skt=2025-10-18T11%3A06%3A11Z&ske=2025-10-19T11%3A06%3A11Z&sks=b&skv=2024-08-04&sig=QQpGbxLpci8Cn/r3G7oYYNrVsUN6edTy4qaBwnVzI6A%3D,success
2025-10-19T11:29:54.677928,EXP Vintage Synth,icons/EXP_Vintage_Synth.png,https://oaidalleapiprodscus.blob.core.windows.net/private/org-yl1xNg2HPz8RMi75XCpVco8k/user-XuCBYoX7rrPayoQ9m5cvlRmI/img-zk9MWZskK84ZrhRn33zbu0GI.png?st=2025-10-19T08%3A29%3A52Z&se=2025-10-19T10%3A29%3A52Z&sp=r&sv=2024-08-04&sr=b&rscd=inline&rsct=image/png&skoid=b1a0ae1f-618f-4548-84fd-8b16cacd5485&sktid=a48cca56-e6da-484e-a814-9c849652bcb3&skt=2025-10-18T10%3A38%3A30Z&ske=2025-10-19T10%3A38%3A30Z&sks=b&skv=2024-08-04&sig=x7GUREcd1TbcQSC8lS%2Br68DJSwqn0NBwXIL73SLrG58%3D,success
